peptide,normalized_ratio_peptide_level_Gly_plus0_Pro,normalized_ratio_peptide_level_Gly_plus1_Pro,normalized_ratio_peptide_level_Gly_plus2_Pro,total_intensity_every_channel_peptide_level,total_intensity_all_channels_peptide_level
TCVADESHAGCEK,0.94,1.07,0.99,"[480137.1, 546432.1, 502490.1]",1529059.2999999998
QTALVELLK,0.97,1.0,1.03,"[384352.2, 395677.7, 408970.5]",1189000.4
DDSPDLPK,0.93,1.04,1.03,"[460844.0, 516604.1, 510707.6]",1488155.7
QEPERNECFLSHK,0.83,1.0,1.17,"[93504.7, 113253.2, 132336.4]",339094.3
SEIAHRFK,0.95,0.96,1.08,"[6459967.6, 6550345.8, 7367075.4]",20377388.799999997
QNCDQFEK,0.95,0.98,1.06,"[227227.7, 234315.2, 253624.1]",715167.0
TVMENFVAFVDK,0.94,1.02,1.04,"[161081.1, 174834.8, 178194.5]",514110.4
DLGEEHFK,0.87,1.04,1.1,"[12548452.3, 15021661.5, 15889781.9]",43459895.7
AWSVARLSQK,0.8,0.99,1.21,"[242687.3, 301863.2, 369420.4]",913970.9
LVNELTEFAK,0.91,0.96,1.13,"[329274.2, 345719.2, 409305.1]",1084298.5
YICDNQDTISSK,0.94,1.06,1.0,"[1047402.2, 1171693.8, 1109947.9]",3329043.9
HLVDEPQNLIK,0.96,1.0,1.05,"[177262.2, 185076.9, 194472.6]",556811.7
AEFVEVTK,0.94,0.99,1.07,"[482030.9, 506440.1, 549304.0]",1537775.0
LKPDPNTLCDEFK,1.1,1.04,0.85,"[213524.1, 201989.1, 164620.8]",580134.0
EYEATLEECCAK,0.9,1.11,1.0,"[20446.3, 25223.4, 22704.8]",68374.5
EACFAVEGPK,0.88,0.9,1.23,"[15606.7, 15945.2, 21797.7]",53349.600000000006
